"locationID","EKoord","NKoord","latDecimal","lonDecimal","masl","streetName"
"A10",2678150,1248450,47.38224,8.47355,454,"Friedhofstrasse"
"A7",2677937,1250077,47.3969,8.47102,396,"Vulkanstrasse/Juchhof 1"
"B12",2678750,1247612,47.37464,8.48135,451,"Im Schaber"
"B3",2678244,1252038,47.4145,8.47543,489,"Hurdäckerstrasse"
"B6",2678392,1250579,47.40136,8.47713,396,"Paul-Pflüger-Strasse"
"B9",2678611,1249077,47.38783,8.47977,409,"Stampfenbrunnenstrasse"
"C11",2679186,1248193,47.37981,8.48723,412,"Freilagerweg"
"C14",2679355,1246759,47.36689,8.48921,495,"Sädlenweg"
"C5",2678868,1251141,47.40636,8.48354,451,"Imbisbühlstrasse"
"C8",2679002,1249649,47.39293,8.48505,397,"Vulkanstrasse"
"D10",2679620,1248709,47.3844,8.49306,405,"Buckhauserstrasse"
"D13",2679691,1247299,47.37171,8.49375,427,"Letzigraben"
"D16",2679961,1245791,47.35811,8.49706,555,"Rebeggstrasse"
"D4",2679197,1251582,47.41029,8.48797,514,"Heizenholz"
"D7",2679617,1250308,47.39878,8.49331,399,"Fischerweg"
"E12",2680204,1247756,47.37576,8.50063,414,"Gutstrasse"
"E15",2680446,1246304,47.36267,8.50357,469,"Grünmattstrasse"
"E6",2679872,1250712,47.40238,8.49676,458,"Limmattalstrasse/Zwielplatz"
"E9",2679932,1249160,47.38842,8.49728,400,"Hohlstrasse"
"F11",2680680,1248386,47.38136,8.50704,409,"Bienenstrasse"
"F14",2680840,1246855,47.36757,8.50888,429,"Döltschiweg"
"F17",2681019,1245257,47.35318,8.51096,480,"Uetlibergstrasse"
"F2",268019381,125276801,47.420849,8.501397,461,"Furtalstrasse"
"F5",2680347,1251369,47.40823,8.50317,517,"Albert-Einstein-Strasse"
"F8",2680488,1249789,47.394,8.50475,401,"Hardturmstrasse"
"G1",2680643,1253351,47.42602,8.50745,445,"Horensteinstrasse"
"G10",2681172,1248952,47.38639,8.51366,404,"Gleisbogen"
"G13",2681353,1247311,47.37161,8.51576,416,"Ämtlerstrasse/Kalkbreitestrasse"
"G16",2681432,1245912,47.35902,8.51655,435,"Uetlibergstrasse/Giesshübelstrasse"
"G4",2680751,1251863,47.41262,8.50861,503,"Lerchenberg"
"G7",2680869,1250349,47.39899,8.5099,509,"Appenzellerstrasse"
"H12",2681787,1248015,47.37789,8.52163,409,"Stauffacherstrasse"
"H15",2681874,1246425,47.36358,8.52249,418,"Giesshubelbrücke"
"H18",2682113,1244980,47.35055,8.52539,423,"Allmendstrasse"
"H21",2682256,1243451,47.33679,8.527,455,"Balberstrasse"
"H3",2681262,1252435,47.41771,8.51548,457,"Fronwaldstrasse"
"H9",2681471,1249344,47.38988,8.51769,403,"Turbinenplatz"
"I11",2682263,1248554,47.38268,8.52803,409,"Röntgenstrasse"
"I14",2682344,1247025,47.36892,8.52882,413,"Sihlhölzlistrasse"
"I17",2682541,1245455,47.35477,8.53114,431,"Bellariastrasse"
"I20",2682649,1244063,47.34224,8.53231,444,"Auf der Egg"
"I5",2681819,1251505,47.40927,8.52269,495,"Waldstrasse"
"I8_Zürich-Rosengartenstrasse",2682085,1249922,47.395,8.52592,431,"Rosengartenstrasse"
"J10",2682627,1249074,47.38731,8.53295,409,"Kloster-Fahr-Weg"
"J13",2682788,1247525,47.37336,8.53479,410,"Löwenstrasse/Nüschelerstrasse"
"J16",2682976,1246084,47.36037,8.53701,406,"Hafen Enge"
"J22",2683256,1243110,47.33359,8.54017,442,"Kilchbergstrasse"
"J4",2682264,1251997,47.41364,8.52868,445,"Binzmühlestrasse"
"J7",2682533,1250556,47.40065,8.53197,475,"Käferholzstrasse"
"K10_Zürich-Stampfenbachstrasse",2683144,1249055,47.387,8.53979,442,"Stampfenbachstrasse"
"K12",2683208,1248119,47.37865,8.54046,408,"Museumstrasse"
"K15",2683340,1246675,47.36564,8.54194,406,"Bootsanleger Bürkliplatz"
"K3",2682797,1252620,47.41918,8.53585,452,"Himmeristrasse"
"K6",2682941,1251140,47.40585,8.53749,456,"Hofwiesenstrasse (Nord)"
"K9",2683044,1249585,47.39185,8.53856,459,"Hofwiesenstrasse (süd)"
"L11",2683647,1248676,47.3836,8.54638,473,"Stapferstrasse"
"L14",2683831,1247155,47.3699,8.54853,423,"Rämistrasse"
"L17",2684041,1245679,47.3566,8.55103,409,"Höschgasse"
"L2",2683151,1253164,47.42402,8.54064,443,"Seebacherstrasse"
"L5",2683283,1251667,47.41055,8.54212,442,"Hofwiesenstrasse (Bhf Oerlikon)"
"L8_AWEL-Irchelpark",2683531,1250190,47.39723,8.54512,489,"Irchelpark"
"M1",2683577,1253739,47.42914682,8.546402605,446,"Eichrainstrasse"
"M10",2684047,1249217,47.38841,8.55178,561,"Germaniastrasse"
"M13",2684185,1247735,47.37507,8.55332,455,"Pestalozzistrasse"
"M16",2684422,1246251,47.36169,8.55618,427,"Zollikerstrasse"
"M4",2683751,1252206,47.41538,8.54842,434,"Eisfeldstrasse"
"M7",2683936,1250666,47.40146,8.55058,473,"Viktoriastrasse"
"N12",2684708,1248286,47.37996,8.56035,546,"Mittelbergsteig"
"N15",2684837,1246806,47.36663,8.56178,450,"Asylstrasse/Sonnenhaldenstrasse"
"N18",2685131,1245253,47.35263,8.56538,454,"Südstrasse"
"N3",2684187,1252718,47.41988,8.55429,429,"Grubenackerstrasse"
"N6",2684405,1251275,47.40688,8.55691,432,"Funkwiesenstrasse"
"O14",2685360,1247295,47.37096,8.5688,529,"Sonnenbergstrasse"
"O17",2685563,1245880,47.35821,8.57121,449,"Forchstrasse"
"O5",2684792,1251817,47.4117,8.56214,429,"Unterfeldstrasse"
"P13",2685812,1248008,47.37731,8.57492,600,"Adlisbergstrasse"
"P16",2685829,1246490,47.36366,8.57485,498,"Witikonerstrasse"
"P19",2686055,1244931,47.34961,8.57754,486,"Witellikerstrasse"
"P4",2685244,1252368,47.4166,8.56823,427,"Opfikonstrasse"
"P7",2685418,1250853,47.40295,8.57024,444,"Hüttenkopfstrasse"
"Q18",2686570,1245486,47.35453,8.58447,551,"Drusbergstrasse"
"Q6",2685895,1251468,47.408441,8.576689,428,"Luegislandstrasse"
"R17",2686977,1246030,47.35937,8.58996,602,"Lehfrauenweg"
"R8",2686451,1250455,47.39924,8.58385,451,"Stettbachstrasse"
"S16",2687380,1246623,47.36465,8.59541,611,"In der Looren"
"S7",2686886,1251059,47.40461,8.58973,428,"Weibelackerweg"
"T18",2688029,1245620,47.35555,8.6038,632,"Kienastenwiesweg"
"Zürich-Affoltern",2681422,1253546,47.427654,8.517825,443,"Reckenholzstrasse"
"Zürich-Fluntern",2685114,1248015,47.37747,8.56568,548,"Ackermannstrasse"
"Zürich-Kaserne",2682484,1248039,47.37802,8.53086,409,"Militärstrasse"
"Zürich-Schimmelstrasse",2681948,1247241,47.37091,8.52362,413,"Gerhardstrasse/Schimmelstrasse"
"Zürich-Wiedikon-Kollerwiese 1",2681649,1246976,47.3685,8.5196,414,"Steinstrasse"
"Zürich-Wiedikon-Kollerwiese 2",2681640,1246996,47.36871,8.51945,414,"Steinstrasse"
