recordid,negative_code_pixel_count
1774172,0
1774175,0
1774184,0
1774209,0
1774212,0
1774215,0
1774218,0
1774222,0
1774225,0
1774230,0
1774233,0
1774234,0
1774246,0
1774249,0
1774260,0
1774298,0
1774300,0
1774311,0
1774312,0
1774313,0
1774329,0
1774347,0
1774351,0
1774352,0
1774355,0
1774365,0
1774366,0
1774378,0
1774379,0
1774389,0
1774391,0
1774392,0
1774401,0
1774404,0
1774407,0
1774414,0
1774424,0
1774428,0
1774430,0
1774437,0
1774441,0
1774442,0
1774454,0
1774458,0
1774466,0
1774472,0
1774482,0
1774484,0
1774492,0
1774495,0
1774502,0
1774520,0
1774539,0
1774542,0
1774564,0
1774572,0
1774573,0
1774575,0
1774578,0
1774581,0
1774585,0
1774599,0
1774601,0
1774614,8
1774625,0
1774627,0
1774629,0
1774638,0
1774640,0
1774644,0
1774660,0
1774682,0
1774688,0
1774700,0
1774748,0
1774766,0
1774767,0
1774768,0
1774793,0
1774809,0
1774825,0
1774828,7
1774865,0
1774886,0
1774903,0
1774912,0
1774937,0
1774946,0
1774954,0
1774964,0
1774981,0
1774994,0
1775008,0
1775019,0
1775039,0
1775050,0
1775074,0
1775078,0
1775089,0
1775102,0
1775107,0
1775113,0
1775116,0
1775123,0
1775146,0
1775153,0
1775168,0
1775184,0
1775203,0
1775211,0
1775221,0
1775236,0
1775255,0
1775258,0
1775270,0
1775272,0
1775298,0
1775315,0
1775326,0
1775331,0
1775338,0
1775339,0
1775349,0
1775365,0
1775366,0
1775397,0
1775418,0
1775429,0
1775529,0
1775537,0
1775544,0
1775554,0
1775624,0
1775656,0
1775664,0
1775666,0
1775727,0
1775740,0
1775747,0
1775817,0
1775822,0
1775841,0
1775846,0
1775855,0
1775867,0
1775909,0
1775925,0
1775941,0
1775955,0
1775969,0
1775993,0
1776018,0
1776034,0
1776067,0
1776080,0
1776153,0
1776190,0
1776209,0
1776234,0
1776303,0
1776309,0
1776382,0
1776386,0
1776562,0
1776605,0
1776608,0
1776662,0
1740273,0
1740274,0
1740275,0
1740276,0
1740279,0
1740285,0
1740289,0
1740290,0
1740296,0
1740299,0
1740300,0
1740304,0
1740308,0
1740319,0
1740321,0
1740322,0
1740327,0
1740331,0
1740333,0
1740337,0
1740338,0
1740339,0
1740342,0
1740343,0
1740344,0
1740348,0
1740349,0
1740354,0
1740368,0
1740371,0
1740378,0
1740382,0
1740383,4
1740388,0
1740396,0
1740400,0
1740401,0
1740404,0
1740406,0
1740410,0
1740411,0
1740412,0
1740415,0
1740416,0
1740417,0
1740421,0
1740423,0
1740428,0
1740433,0
1740435,0
1740440,0
1740444,0
1740449,0
1740451,0
1740453,0
1740454,0
1740456,0
1740459,0
1740464,0
1740476,0
1740477,0
1740478,0
1740480,3
1740482,0
1740483,0
1740489,0
1740490,0
1740491,0
1740494,0
1740495,0
1740500,0
1740506,0
1740508,0
1740509,0
1740511,0
1740516,0
1740550,0
1740553,0
1740557,0
1740561,0
1740567,0
1740568,0
1740569,0
1740574,0
1740578,0
1740584,0
1740585,0
1740589,0
1740605,0
1740606,0
1740607,0
1740620,0
1740622,0
1740623,0
1740624,0
1740629,0
1740630,0
1740634,0
1740635,0
1740637,0
1740640,0
1740641,0
1740645,0
1740646,0
1740650,0
1740652,0
1740653,0
1740654,0
1740658,0
1740661,0
1740662,0
1740667,0
1740675,0
1740685,0
1740687,0
1740689,0
1740703,0
1740707,0
1740709,0
1740716,0
1740717,0
1740729,0
1740731,0
1740739,0
1740790,0
1740791,0
1740793,0
1740794,0
1740745,0
1740751,0
1740753,0
1740754,0
1740757,0
1740759,0
1740763,0
1740764,0
1740768,0
1740770,0
1740771,0
1740773,0
1740776,0
1740783,0
1740785,0
1740812,0
1740813,0
1740819,0
1740823,0
1740832,0
1740833,0
1740843,0
1740853,0
1740854,0
1740857,0
1740868,0
1740871,0
1740872,0
1740876,0
1740878,0
1740888,0
1740889,0
1740890,0
1740894,0
1740899,0
1740903,0
1740905,0
1740920,0
1740927,0
1740937,0
1740938,0
1740939,0
1740948,0
1740961,0
1740963,0
1740964,0
1740968,0
1740977,0
1740982,0
1740988,0
1740989,0
1740997,0
1741014,3
1741019,3
1741020,0
1741025,0
1741027,0
1741029,0
1740797,0
1740799,0
1740801,0
1741131,0
1741133,0
1741138,0
1741139,0
1741141,0
1741142,0
1741143,0
1741178,0
1741185,0
1741188,0
1741193,0
1741194,0
1741195,0
1741223,0
1741226,0
1741050,0
1741053,0
1741063,0
1741068,0
1741076,0
1741080,0
1741093,0
1741094,0
1741102,0
1741108,0
1741109,0
1741112,0
1741118,0
1741158,0
1741166,0
1741167,0
1741203,0
1741205,0
1741219,0
1741231,0
1741232,0
1741345,0
1741351,0
1741360,0
1741363,0
1741396,0
1741405,0
1741407,0
1741410,0
1741446,0
1741250,0
1741254,0
1741264,0
1741268,0
1741272,0
1741273,0
1741280,0
1741303,0
1741304,0
1741321,0
1741324,0
1741328,0
1741329,0
1741336,0
1741374,0
1741375,0
1741378,0
1741380,0
1741384,0
1741385,0
1741387,0
1741415,0
1741420,0
1741421,0
1741426,0
1741431,0
1741453,0
1741454,0
1741455,0
1741458,1
1741543,0
1741581,0
1741583,0
1741584,0
1741589,0
1741593,0
1741601,0
1741603,0
1741463,0
1741479,0
1741480,0
1741499,0
1741504,0
1741509,0
1741515,0
1741518,0
1741526,0
1741560,0
1741565,0
1741567,0
1741573,0
1741574,0
1741618,0
1741634,0
1741642,0
1741649,0
1741734,0
1741735,0
1741772,0
1741774,0
1741777,0
1741787,0
1741788,0
1741824,0
1741826,0
1741839,0
1741653,0
1741654,0
1741672,0
1741684,0
1741685,0
1741686,0
1741688,0
1741694,0
1741695,0
1741698,0
1741700,0
1741709,0
1741710,0
1741714,0
1741715,0
1741717,0
1741723,0
1741762,0
1741806,0
1741807,0
1741809,0
1741811,0
1741816,0
1741817,0
1741818,0
1741819,0
1741847,0
1741862,0
1741872,0
1741874,0
1741877,0
1741886,0
1741891,0
1741968,0
1741982,0
1741984,0
1742037,0
1742051,0
1742052,0
1742056,0
1742059,0
1742068,0
1742069,0
1741864,0
1741866,0
1741893,0
1741898,0
1741899,0
1741910,0
1741911,0
1741912,0
1741914,0
1741921,0
1741923,0
1741926,0
1741935,0
1741945,0
1741946,0
1741951,0
1742004,0
1742008,0
1742011,0
1742014,0
1742034,0
1742077,0
1742078,0
1742082,0
1742209,0
1742214,0
1742262,0
1742266,0
1742272,0
1742326,0
1742328,0
1742332,0
1742098,0
1742104,0
1742117,0
1742145,0
1742169,0
1742182,0
1742187,0
1742192,0
1742240,0
1742241,0
1742242,0
1742244,0
1742291,0
1742294,0
1742300,0
1742336,0
1742337,0
1742341,0
1742342,0
1742347,0
1742461,0
1742465,0
1742466,0
1742501,0
1742509,0
1742515,0
1742544,0
1742555,0
1742313,0
1742322,0
1742360,0
1742361,0
1742384,0
1742393,0
1742410,0
1742429,0
1742430,16
1742433,0
1742434,0
1742477,0
1742480,0
1742485,0
1742519,0
1742526,0
1742530,0
1742532,0
1742535,0
1742576,0
1742582,0
1742662,0
1742663,0
1742665,0
1742667,0
1742680,0
1742714,0
1742723,0
1742765,0
1742766,0
1742775,0
1742599,0
1742605,0
1742610,0
1742612,0
1742622,0
1742699,0
1742700,0
1742743,0
1742748,0
1742751,0
1742793,0
1742849,0
1742950,0
1742954,0
1743011,0
1743014,0
1743018,0
1743054,0
1743060,0
1743062,0
1743102,0
1742871,1
1742872,0
1742911,0
1742975,0
1742978,0
1742980,0
1742988,1
1743022,0
1743030,0
1743039,0
1743075,0
1743109,0
1743222,0
1743228,0
1743262,0
1743267,1
1743269,0
1743286,0
1743304,0
1743357,0
1743361,0
1743080,0
1743118,0
1743121,0
1743197,0
1743203,0
1743245,0
1743250,0
1743255,0
1743256,0
1743352,0
1743353,0
1743395,0
1743417,0
1743582,0
1743623,0
1743624,0
1743643,0
1743760,0
1743397,0
1743398,0
1743445,0
1743449,0
1743472,0
1743475,0
1743479,0
1743495,0
1743600,0
1743716,0
1743969,0
1743978,0
1744074,0
1744106,0
1743782,0
1743828,0
1743934,0
1743950,0
1743995,0
1744077,0
1744347,0
1744393,0
1744456,0
1744201,0
1744231,0
1744239,0
1744241,0
1744376,0
1744418,0
1744420,0
1744511,0
1744900,0
1744906,0
1744911,0
1744940,0
1744628,0
1744646,0
1744668,0
1744674,0
1744695,0
1744916,0
1744919,0
1744922,0
1744925,0
1744927,0
1744930,0
1744943,0
1744945,0
1744949,0
1744960,0
1744961,0
1745040,0
1745042,0
1745044,0
1745045,0
1745047,0
1744965,0
1744968,0
1744971,0
1744984,0
1744986,0
1744987,0
1744990,0
1744991,0
1744994,0
1744998,0
1745000,0
1745001,10
1745003,0
1745004,0
1745005,0
1745006,0
1745027,0
1745028,0
1745031,0
1745065,0
1745066,0
1745067,0
1745077,0
1745079,0
1745080,0
1745082,0
1745084,0
1745090,0
1745096,0
1745100,0
1745101,0
1745105,0
1745110,0
1745112,0
1745115,0
1745118,0
1745122,0
1745125,0
1745127,0
1745210,0
1745222,0
1745226,0
1745252,0
1745253,0
1745258,0
1745259,0
1745262,0
1745107,0
1745133,0
1745136,0
1745142,0
1745143,0
1745145,0
1745147,2
1745149,0
1745151,0
1745152,0
1745154,0
1745157,0
1745158,0
1745163,0
1745164,0
1745166,0
1745169,0
1745170,0
1745178,0
1745181,0
1745188,0
1745190,0
1745193,0
1745194,0
1745195,0
1745198,0
1745199,0
1745228,0
1745231,0
1745232,0
1745234,0
1745240,0
1745248,0
1745276,0
1745277,0
1745278,0
1745264,0
1745265,0
1745270,0
1745271,0
1745274,0
1745374,0
1745380,0
1745388,0
1745392,0
1745419,0
1745424,0
1745427,0
1745431,0
1745432,0
1745433,0
1745295,0
1745298,0
1745301,0
1745305,0
1745307,0
1745308,0
1745312,0
1745315,0
1745317,0
1745319,0
1745322,0
1745325,0
1745327,0
1745335,0
1745343,0
1745348,0
1745352,0
1745355,0
1745356,0
1745361,0
1745366,0
1745368,0
1745370,0
1745405,0
1745406,0
1745413,0
1745446,0
1745453,0
1745439,0
1745544,0
1745546,0
1745547,0
1745548,0
1745551,0
1745556,0
1745611,0
1745614,0
1745615,0
1745618,0
1745629,0
1745458,0
1745460,0
1745462,0
1745464,0
1745470,0
1745473,0
1745481,0
1745482,0
1745487,0
1745488,0
1745496,0
1745504,0
1745506,0
1745519,0
1745521,0
1745563,0
1745584,0
1745590,0
1745595,0
1745597,0
1745598,0
1745607,0
1745637,0
1745631,0
1745633,0
1745634,0
1745635,0
1745708,0
1745714,0
1745721,0
1745722,0
1745727,0
1745729,0
1745788,0
1745789,0
1745794,0
1745795,0
1745797,0
1745800,0
1745802,0
1745640,0
1745641,0
1745642,0
1745643,0
1745647,0
1745648,0
1745651,0
1745653,0
1745659,0
1745660,0
1745663,0
1745664,0
1745666,0
1745670,0
1745671,0
1745675,0
1745676,0
1745683,0
1745684,0
1745689,0
1745691,0
1745696,0
1745697,0
1745699,0
1745703,0
1745750,0
1745751,0
1745752,0
1745753,0
1745767,0
1745770,0
1745772,0
1745819,0
1745902,0
1745907,0
1745910,0
1745921,0
1745951,0
1745953,0
1745954,0
1745958,0
1745960,0
1745967,0
1745968,0
1746022,3
1745830,0
1745845,0
1745848,0
1745852,0
1745857,0
1745874,0
1745878,0
1745890,0
1745892,0
1745895,0
1745896,0
1745897,0
1745899,0
1745934,0
1745935,0
1745943,0
1745977,0
1745979,0
1745986,0
1745995,0
1745999,0
1746001,0
1746008,0
1746009,0
1746034,0
1746036,0
1746042,0
1746141,0
1746142,0
1746143,0
1746144,0
1746147,0
1746150,0
1746152,0
1746154,0
1746155,0
1746162,0
1746198,5
1746199,0
1746044,0
1746055,0
1746056,0
1746063,0
1746067,0
1746068,0
1746069,0
1746071,0
1746073,0
1746074,0
1746076,0
1746078,0
1746079,0
1746089,0
1746091,0
1746094,0
1746098,0
1746104,0
1746106,0
1746107,0
1746108,0
1746139,0
1746175,0
1746184,0
1746186,0
1746218,0
1746222,0
1746234,0
1746208,0
1746330,0
1746335,0
1746336,0
1746348,0
1746376,0
1746378,0
1746380,0
1746238,0
1746255,0
1746261,0
1746265,0
1746266,0
1746273,0
1746275,0
1746277,0
1746282,0
1746285,0
1746293,0
1746297,0
1746300,0
1746303,0
1746304,0
1746308,0
1746321,0
1746324,0
1746358,0
1746369,0
1746370,0
1746371,0
1746412,0
1746417,0
1746421,0
1746422,0
1746430,0
1746432,3
1746454,0
1746455,0
1746462,0
1746463,0
1746569,0
1746574,0
1746577,0
1746587,0
1746618,0
1746621,0
1746622,0
1746624,0
1746437,0
1746470,0
1746473,0
1746480,0
1746486,0
1746502,2
1746503,0
1746507,0
1746509,0
1746510,0
1746517,0
1746519,0
1746525,0
1746529,0
1746531,0
1746535,0
1746537,0
1746539,0
1746542,0
1746545,0
1746550,0
1746554,0
1746595,0
1746597,0
1746598,0
1746599,0
1746604,0
1746609,0
1746610,0
1746642,0
1746643,0
1746645,0
1746646,0
1746628,0
1746629,0
1746780,0
1746799,0
1746870,0
1746658,0
1746669,0
1746671,0
1746675,0
1746676,0
1746681,0
1746684,0
1746689,0
1746698,0
1746702,0
1746705,0
1746731,0
1746736,0
1746739,0
1746741,0
1746745,0
1746746,0
1746806,0
1746814,0
1746816,0
1746826,0
1746829,0
1746848,0
1746958,0
1747022,0
1747023,0
1747024,0
1747031,0
1746851,0
1746886,0
1746890,0
1746898,0
1746903,0
1746904,0
1746915,0
1746916,0
1746918,0
1746983,0
1746984,0
1746993,0
1746998,0
1747008,0
1747011,0
1747072,0
1747064,0
1747065,0
1747192,0
1747238,0
1747245,0
1747251,0
1747252,0
1747253,0
1747099,0
1747102,0
1747107,0
1747110,0
1747111,0
1747120,0
1747123,0
1747127,0
1747128,0
1747131,0
1747139,0
1747154,0
1747155,0
1747167,0
1747173,0
1747214,0
1747263,0
1747273,0
1747274,0
1747282,0
1747261,0
1747389,0
1747397,0
1747398,0
1747405,0
1747435,0
1747436,0
1747437,0
1747447,0
1747449,0
1747495,0
1747499,0
1747500,0
1747529,0
1747531,0
1747290,0
1747311,0
1747316,0
1747318,0
1747320,0
1747337,0
1747341,0
1747353,0
1747356,0
1747361,0
1747363,0
1747366,0
1747375,0
1747378,0
1747379,0
1747380,0
1747381,0
1747421,0
1747504,0
1747506,0
1747538,0
1747541,0
1747601,0
1747603,0
1747617,0
1747751,0
1747797,0
1747804,0
1747524,0
1747561,0
1747565,0
1747567,0
1747673,0
1747736,0
1747826,0
1747831,0
1747835,0
1747851,0
1747852,0
1765485,0
1765486,0
1765497,0
1765579,0
1765588,0
1765632,0
1747873,0
1765425,0
1765434,0
1765437,0
1765444,0
1765450,0
1765454,0
1765460,0
1765465,0
1765470,0
1765472,0
1765476,0
1765529,0
1765533,0
1765534,0
1765561,0
1765570,0
1765606,0
1765609,0
1765635,0
1765642,0
1765742,0
1765752,0
1765831,0
1765610,0
1765612,0
1765613,0
1765656,0
1765673,0
1765718,6
1765721,0
1765732,0
1765738,0
1765845,0
1765867,0
1765872,0
1765962,0
1765972,0
1765987,0
1765990,0
1766004,0
1766052,0
1766079,0
1766090,0
1765860,0
1765942,0
1765952,0
1765955,0
1766008,0
1766028,0
1766074,0
1766076,0
1766116,0
1766119,0
1766148,0
1766253,0
1766258,0
1766263,0
1766264,0
1766267,0
1766270,0
1766280,0
1766293,0
1766194,0
1766195,0
1766237,0
1766310,0
1766322,0
1766329,0
1766368,0
1766387,0
1766539,0
1766622,0
1766626,0
1766679,0
1766698,0
1766456,0
1766458,0
1766477,0
1766479,0
1766497,0
1766498,0
1766500,0
1766570,0
1766640,0
1766666,0
1766674,0
1766675,0
1766711,0
1766990,0
1767012,0
1767058,0
1766788,0
1766831,0
1766878,0
1766953,0
1766958,0
1767134,0
1767186,0
1767353,0
1767364,0
1767725,0
1767856,0
1767868,0
1767905,0
1767749,0
1767842,0
1767846,0
1767847,0
1767852,0
1767884,0
1767890,0
1767893,0
1767894,0
1767917,0
1767920,0
1767925,0
1767999,0
1768001,0
1768002,0
1768003,0
1768009,0
1768011,0
1768073,0
1768074,0
1768075,0
1768079,0
1768087,0
1768093,0
1768118,0
1767897,0
1767898,0
1767927,0
1767930,0
1767936,0
1767941,0
1767945,0
1767956,0
1767965,0
1767970,0
1767973,0
1767975,0
1767978,0
1767987,0
1767992,0
1767993,0
1767994,0
1767996,0
1768024,0
1768027,2
1768033,0
1768034,0
1768042,0
1768045,0
1768051,0
1768053,0
1768054,0
1768059,0
1768069,0
1768094,0
1768097,0
1768107,0
1768119,0
1768122,0
1768126,0
1768131,0
1768140,0
1768238,0
1768254,0
1768255,0
1768257,0
1768259,0
1768287,0
1768143,0
1768146,0
1768147,0
1768148,0
1768151,0
1768154,0
1768159,0
1768160,0
1768176,0
1768182,0
1768190,0
1768194,0
1768197,0
1768198,0
1768201,0
1768208,0
1768209,0
1768216,0
1768219,0
1768226,0
1768229,0
1768231,0
1768263,0
1768270,0
1768271,0
1768311,0
1768297,0
1768298,0
1768302,0
1768305,0
1768309,3
1768382,0
1768383,0
1768389,0
1768391,0
1768396,0
1768397,0
1768401,0
1768403,0
1768405,0
1768457,0
1768461,0
1768463,0
1768466,0
1768313,0
1768320,0
1768321,0
1768323,0
1768324,0
1768325,0
1768326,0
1768327,0
1768332,0
1768340,0
1768343,0
1768348,0
1768350,0
1768351,0
1768357,12
1768359,0
1768364,0
1768367,0
1768375,0
1768376,0
1768406,0
1768408,0
1768413,0
1768414,0
1768420,0
1768423,0
1768429,0
1768431,0
1768435,0
1768436,0
1768443,0
1768447,0
1768452,0
1768467,0
1768551,0
1768553,0
1768554,0
1768559,0
1768561,0
1768565,0
1768572,0
1768573,0
1768575,0
1768581,0
1768582,0
1768595,0
1768622,0
1768628,0
1768630,0
1768635,8
1768637,0
1768639,0
1768640,0
1768696,0
1768479,0
1768481,0
1768484,0
1768488,0
1768497,0
1768500,0
1768501,0
1768510,0
1768512,0
1768513,0
1768518,0
1768519,0
1768523,0
1768527,0
1768528,0
1768529,0
1768531,0
1768541,0
1768546,0
1768548,0
1768608,0
1768609,0
1768614,0
1768615,0
1768616,0
1768618,0
1768647,0
1768660,0
1768662,0
1768663,0
1768665,0
1768666,0
1768683,0
1768688,4
1768787,0
1768789,0
1768815,0
1768819,0
1768834,0
1768836,0
1768863,0
1768864,0
1768690,0
1768720,0
1768722,0
1768727,0
1768732,0
1768734,0
1768737,0
1768750,0
1768752,0
1768760,0
1768765,0
1768790,0
1768791,0
1768793,0
1768803,0
1768807,0
1768808,0
1768838,0
1768846,0
1768848,0
1768851,0
1768854,0
1768859,0
1768860,0
1768991,0
1768992,0
1768996,0
1769005,0
1769033,0
1769045,0
1768890,0
1768891,0
1768893,0
1768895,0
1768896,0
1768898,0
1768910,0
1768917,0
1768926,0
1768930,0
1768934,0
1768952,0
1768965,0
1768971,0
1768972,0
1768974,0
1768976,0
1768978,0
1768979,0
1768981,0
1769007,0
1769008,0
1769018,0
1769019,0
1769021,0
1769022,0
1769024,0
1769050,0
1769153,0
1769154,0
1769155,0
1769156,0
1769158,0
1769159,0
1769162,0
1769163,0
1769205,0
1769207,0
1769209,0
1769210,0
1769213,0
1769220,0
1769252,0
1769254,0
1769256,0
1769257,0
1769060,0
1769062,0
1769074,0
1769082,0
1769087,0
1769091,0
1769113,1
1769115,0
1769132,0
1769134,0
1769149,0
1769177,0
1769185,0
1769188,0
1769190,0
1769191,0
1769197,0
1769227,0
1769232,0
1769244,0
1769263,0
1769264,0
1769356,0
1769362,0
1769363,0
1769365,0
1769400,0
1769410,0
1769478,0
1769484,0
1769296,0
1769306,0
1769310,0
1769317,0
1769321,0
1769322,0
1769329,0
1769334,0
1769337,0
1769373,0
1769376,0
1769380,0
1769384,0
1769389,0
1769420,0
1769422,0
1769425,11
1769429,0
1769442,0
1769444,0
1769571,0
1769635,0
1769636,0
1769638,0
1769491,0
1769493,0
1769496,0
1769512,0
1769531,0
1769533,0
1769541,0
1769543,0
1769551,0
1769555,0
1769592,0
1769620,0
1769623,0
1769659,0
1769661,0
1769666,0
1769669,0
1769675,0
1769676,0
1769653,0
1769814,0
1769821,0
1769847,0
1769852,0
1769854,0
1769898,0
1769681,0
1769686,0
1769687,0
1769698,0
1769713,0
1769717,0
1769723,0
1769740,0
1769741,0
1769746,0
1769786,0
1769826,6
1769828,0
1769839,0
1769879,0
1769882,0
1769901,0
1769909,0
1769910,0
1769913,0
1770095,0
1770162,0
1769930,0
1769932,0
1769948,0
1769977,0
1769978,0
1769997,0
1770003,0
1770013,0
1770017,0
1770030,0
1770056,0
1770113,0
1770119,0
1770126,0
1770128,0
1770148,0
1770168,0
1770170,0
1770282,0
1770361,0
1770363,0
1770157,0
1770183,0
1770195,0
1770207,0
1770210,0
1770212,0
1770222,0
1770223,0
1770233,0
1770235,0
1770248,0
1770276,0
1770302,0
1770307,0
1770319,0
1770331,0
1770332,0
1770335,0
1770345,0
1770376,0
1770379,0
1770390,0
1770417,0
1770532,0
1770540,0
1770541,0
1770640,0
1770658,0
1770660,0
1770426,0
1770437,0
1770444,0
1770468,0
1770515,0
1770547,0
1770559,0
1770570,0
1770578,0
1770615,0
1770625,0
1770630,0
1770632,0
1770787,0
1770790,0
1770868,0
1770902,0
1770716,0
1770753,0
1770775,0
1770812,0
1770822,0
1770827,0
1770843,0
1770850,0
1770883,0
1770885,0
1770887,0
1770941,0
1771099,0
1771170,6
1771252,0
1771295,0
1771353,0
1771002,0
1771070,0
1771079,0
1771080,0
1771132,0
1771234,0
1771317,0
1771320,0
1771483,0
1771578,0
1771581,0
1771650,0
1771651,0
1771373,0
1771401,0
1771410,0
1771442,0
1771458,0
1771598,0
1771603,0
1771604,0
1771616,0
1771644,0
1771734,0
1771743,0
1771757,0
1771758,0
1771802,0
1771921,0
1771926,0
1771975,0
1772029,0
1772369,0
1772370,0
1772373,0
1772381,0
1772428,0
1772429,0
1772432,0
1772436,0
1772365,0
1772396,0
1772398,0
1772401,0
1772402,0
1772405,0
1772409,0
1772411,0
1772412,0
1772448,0
1772437,0
1772536,0
1772541,0
1772543,0
1772549,0
1772556,0
1772557,0
1772583,0
1772585,0
1772591,0
1772595,0
1772596,0
1772597,0
1772604,0
1772605,0
1772640,0
1772450,0
1772452,0
1772461,0
1772463,0
1772467,0
1772469,0
1772476,0
1772478,0
1772479,0
1772483,0
1772485,0
1772486,0
1772488,3
1772493,0
1772503,0
1772504,0
1772507,0
1772509,0
1772510,0
1772520,0
1772531,0
1772560,0
1772561,0
1772565,0
1772575,0
1772579,0
1772581,0
1772608,0
1772610,0
1772611,0
1772615,0
1772616,0
1772618,0
1772620,0
1772643,0
1772649,0
1772650,0
1772652,0
1772653,0
1772761,0
1772763,0
1772768,0
1772801,0
1772802,0
1772804,0
1772621,0
1772623,0
1772661,0
1772662,0
1772663,0
1772665,0
1772668,0
1772670,0
1772676,0
1772679,0
1772684,0
1772692,0
1772693,0
1772694,0
1772695,0
1772700,0
1772701,0
1772702,0
1772707,0
1772709,0
1772715,0
1772717,0
1772721,0
1772727,0
1772744,0
1772747,0
1772780,0
1772783,0
1772784,0
1772786,0
1772793,0
1772794,0
1772807,0
1772808,0
1772810,0
1772894,0
1772897,0
1772901,0
1772902,0
1772903,0
1772906,0
1772909,0
1772913,0
1772968,0
1772970,0
1772974,0
1772827,0
1772828,0
1772839,0
1772840,0
1772842,0
1772845,0
1772847,0
1772848,0
1772860,0
1772863,0
1772864,0
1772867,0
1772868,0
1772871,0
1772873,0
1772875,0
1772876,0
1772878,0
1772879,0
1772882,0
1772891,0
1772918,0
1772919,0
1772923,0
1772926,0
1772931,0
1772935,0
1772938,0
1772942,0
1772950,0
1772958,0
1772959,0
1772964,0
1772979,0
1773065,0
1773083,0
1773134,0
1772965,0
1772998,0
1772999,0
1773002,0
1773018,0
1773021,0
1773026,0
1773030,0
1773035,0
1773037,0
1773044,0
1773052,0
1773053,0
1773061,0
1773090,0
1773098,0
1773100,0
1773104,0
1773117,0
1773119,0
1773120,0
1773123,0
1773125,0
1773132,0
1773141,0
1773142,0
1773145,0
1773146,0
1773147,0
1773154,0
1773156,0
1773281,0
1773292,0
1773293,0
1773295,0
1773298,0
1773301,0
1773352,0
1773165,0
1773172,0
1773181,0
1773187,0
1773188,0
1773197,0
1773198,0
1773199,0
1773228,0
1773235,0
1773244,0
1773259,0
1773271,0
1773274,0
1773276,0
1773303,0
1773304,0
1773311,0
1773317,0
1773319,0
1773320,0
1773324,0
1773326,0
1773367,0
1773371,0
1773373,0
1773449,0
1773454,0
1773463,0
1773464,0
1773465,0
1773501,0
1773338,0
1773339,0
1773342,0
1773343,0
1773347,0
1773349,0
1773377,0
1773393,0
1773409,0
1773410,0
1773414,0
1773419,0
1773423,0
1773425,0
1773440,3
1773441,0
1773477,0
1773479,0
1773489,0
1773491,0
1773515,0
1773614,0
1773617,0
1773621,0
1773628,0
1773631,0
1773632,0
1773635,0
1773637,0
1773527,0
1773528,0
1773540,0
1773541,0
1773559,0
1773561,0
1773571,0
1773574,0
1773580,0
1773584,0
1773587,0
1773592,0
1773593,0
1773599,0
1773601,0
1773605,0
1773612,0
1773639,0
1773641,0
1773644,0
1773645,0
1773646,0
1773666,0
1773685,0
1773689,0
1773691,0
1773696,0
1773704,0
1773707,0
1773708,0
1773760,0
1773777,0
1773780,0
1773781,0
1773811,0
1773820,0
1773821,0
1773826,0
1773879,0
1773885,0
1773888,0
1773950,0
1773714,0
1773717,0
1773722,0
1773727,0
1773730,0
1773734,0
1773738,0
1773747,0
1773756,0
1773788,0
1773799,0
1773840,0
1773855,0
1773864,0
1773867,0
1773872,0
1773908,0
1773921,0
1773922,0
1773924,0
1773962,0
1773970,0
1773971,0
1774046,0
1774048,0
1774050,0
1774057,0
1774059,0
1774098,0
1774106,0
1774110,0
1773976,0
1773978,0
1773980,0
1773983,0
1773996,0
1773997,0
1773998,0
1773999,0
1774007,0
1774009,0
1774015,0
1774022,0
1774072,0
1774079,0
1774130,0
1774139,0
1774151,0
1774155,0
1774157,0
1774162,0
1756801,0
1756650,0
1756659,0
1756660,0
1756679,0
1756705,0
1756719,0
1756720,0
1756744,0
1756760,0
1756766,0
1756773,0
1756774,0
1756816,0
1756819,0
1757121,0
1757129,0
1756908,0
1756914,0
1757047,0
1757060,0
1757064,0
1757067,0
1757108,0
1757115,0
1757143,0
1757335,0
1757389,0
1757195,0
1757198,0
1757201,0
1757204,0
1757287,0
1757311,0
1757317,0
1757321,0
1757364,0
1757409,0
1757462,0
1757464,0
1757478,0
1757481,0
1757494,0
1757520,0
1757530,0
1757538,0
1757551,0
1757554,0
1757749,0
1757755,0
1758008,0
1758102,0
1757833,0
1757834,0
1757862,0
1757926,0
1758052,0
1758239,0
1758150,0
1758155,0
1758533,0
1758582,0
1758583,0
1758584,0
1758587,0
1758589,0
1758591,0
1758632,0
1758636,0
1758637,0
1758644,0
1758648,14
1758705,0
1758707,0
1758711,0
1758713,0
1758715,0
1758542,0
1758546,0
1758548,0
1758551,0
1758556,0
1758564,0
1758571,0
1758572,0
1758575,0
1758578,0
1758581,0
1758613,0
1758615,0
1758617,0
1758618,0
1758620,0
1758621,0
1758625,0
1758627,0
1758655,0
1758657,0
1758658,0
1758660,0
1758672,0
1758682,0
1758683,0
1758695,0
1758700,0
1758726,0
1758721,0
1758724,0
1758799,0
1758800,0
1758802,0
1758805,0
1758814,0
1758818,0
1758821,0
1758872,0
1758731,0
1758732,0
1758733,0
1758738,0
1758743,0
1758745,0
1758751,0
1758752,0
1758759,0
1758761,0
1758762,0
1758765,0
1758768,0
1758771,0
1758772,0
1758774,0
1758775,0
1758777,0
1758784,0
1758788,0
1758790,0
1758794,0
1758795,0
1758822,0
1758828,0
1758830,0
1758838,0
1758840,0
1758841,0
1758846,0
1758847,0
1758850,0
1758851,0
1758854,0
1758856,0
1758857,0
1758858,0
1758859,0
1758874,0
1758879,0
1758880,0
1758882,0
1758887,0
1758890,0
1758891,0
1758993,0
1758995,0
1758999,0
1759007,0
1758861,0
1758864,0
1758868,0
1758898,0
1758903,0
1758905,0
1758907,0
1758908,0
1758912,0
1758926,0
1758929,0
1758930,0
1758936,0
1758940,0
1758941,0
1758945,0
1758947,0
1758951,0
1758955,0
1758959,0
1758960,0
1758976,0
1758980,0
1758982,0
1758984,0
1758985,0
1758988,0
1759015,0
1759017,0
1759019,0
1759025,0
1759026,0
1759013,0
1759087,0
1759093,0
1759094,0
1759108,0
1759134,0
1759139,0
1759141,0
1759149,0
1759183,0
1759190,0
1759191,0
1759042,0
1759043,0
1759045,0
1759051,0
1759052,0
1759057,0
1759058,1
1759063,0
1759066,0
1759067,0
1759070,0
1759072,0
1759079,0
1759082,0
1759121,0
1759122,0
1759126,0
1759128,0
1759158,0
1759160,0
1759166,0
1759168,0
1759173,0
1759174,0
1759178,0
1759179,0
1759302,0
1759310,0
1759313,0
1759315,0
1759319,0
1759351,0
1759352,0
1759354,0
1759357,0
1759361,0
1759364,0
1759209,11
1759215,0
1759221,0
1759225,0
1759226,0
1759232,0
1759235,0
1759243,0
1759248,0
1759257,0
1759270,0
1759276,0
1759278,0
1759280,0
1759288,0
1759291,0
1759330,0
1759331,0
1759333,0
1759334,0
1759344,0
1759346,0
1759368,0
1759471,0
1759475,0
1759478,0
1759491,5
1759519,0
1759522,0
1759523,0
1759528,0
1759531,0
1759534,0
1759381,0
1759383,0
1759403,0
1759407,2
1759412,0
1759416,0
1759418,0
1759420,0
1759422,0
1759426,0
1759431,0
1759434,0
1759438,0
1759451,0
1759452,0
1759458,0
1759463,0
1759465,0
1759495,0
1759507,0
1759508,0
1759515,0
1759516,0
1759547,0
1759549,0
1759557,0
1759570,0
1759574,0
1759582,0
1759585,0
1759587,0
1759694,0
1759695,0
1759734,0
1759741,0
1759745,9
1759558,0
1759561,0
1759563,0
1759592,0
1759595,0
1759602,0
1759617,0
1759618,0
1759623,0
1759639,0
1759640,0
1759641,0
1759646,0
1759647,0
1759650,0
1759652,0
1759655,0
1759670,0
1759672,0
1759673,0
1759678,0
1759679,0
1759718,0
1759724,0
1759727,0
1759753,0
1759832,0
1759833,0
1759842,0
1759909,0
1759911,0
1759912,0
1759915,0
1759730,0
1759731,0
1759765,0
1759783,0
1759787,0
1759792,0
1759809,0
1759818,0
1759819,0
1759828,0
1759858,0
1759869,0
1759876,0
1759881,0
1759887,0
1759895,0
1759901,0
1759927,0
1759959,0
1759961,0
1759969,0
1759973,0
1760047,0
1760049,0
1760060,0
1760065,0
1760119,0
1760120,0
1760121,0
1760123,0
1760128,0
1759933,0
1759934,0
1759935,0
1759937,0
1759982,0
1759983,0
1759988,0
1759993,0
1759994,0
1759995,0
1760005,0
1760006,0
1760010,0
1760011,0
1760016,0
1760018,0
1760034,0
1760038,0
1760087,0
1760088,0
1760089,0
1760093,0
1760096,0
1760101,0
1760102,0
1760107,0
1760117,0
1760142,0
1760241,0
1760245,0
1760247,0
1760251,0
1760255,0
1760286,0
1760290,0
1760293,0
1760300,0
1760341,0
1760343,0
1760350,0
1760152,0
1760169,0
1760170,0
1760179,0
1760182,0
1760184,0
1760189,0
1760192,0
1760200,0
1760225,0
1760227,0
1760231,0
1760234,0
1760236,0
1760276,0
1760285,0
1760314,0
1760316,0
1760321,0
1760325,0
1760329,0
1760333,0
1760438,0
1760443,0
1760444,0
1760447,0
1760450,0
1760502,0
1760504,0
1760510,0
1760513,0
1760517,0
1760523,0
1760558,0
1760370,0
1760377,0
1760378,0
1760386,0
1760388,0
1760399,0
1760400,0
1760404,0
1760425,0
1760427,0
1760429,0
1760478,0
1760484,0
1760487,0
1760490,0
1760494,0
1760501,0
1760538,0
1760563,0
1760565,0
1760660,0
1760666,0
1760701,0
1760713,0
1760740,0
1760796,0
1760546,0
1760575,0
1760581,0
1760586,0
1760593,0
1760599,0
1760603,0
1760605,0
1760613,0
1760624,0
1760673,0
1760679,0
1760692,0
1760743,0
1760745,0
1760747,0
1760762,0
1760768,0
1760771,0
1760772,7
1760776,0
1760805,0
1760912,0
1760925,0
1760930,0
1760961,0
1760962,0
1760963,0
1760964,0
1760969,0
1760974,0
1760786,0
1760819,0
1760823,0
1760825,0
1760830,0
1760832,0
1760837,0
1760845,0
1760851,0
1760856,0
1760873,0
1760882,0
1760889,0
1760896,0
1760934,0
1760937,0
1760943,0
1760984,0
1760985,0
1760987,0
1760994,0
1761105,0
1761107,0
1761153,0
1761268,0
1761003,0
1761006,0
1761024,0
1761037,0
1761039,0
1761055,0
1761068,0
1761083,0
1761095,0
1761099,0
1761179,0
1761180,0
1761226,0
1761269,0
1761368,0
1761375,0
1761376,0
1761385,0
1761386,0
1761420,0
1761436,0
1761437,0
1761486,0
1761241,0
1761287,0
1761288,0
1761290,0
1761294,0
1761296,0
1761299,0
1761312,0
1761321,0
1761325,0
1761326,0
1761338,0
1761361,0
1761397,0
1761411,0
1761473,0
1761521,0
1761554,0
1761555,0
1761652,0
1761653,0
1761719,0
1761800,0
1761819,0
1761529,0
1761532,0
1761563,0
1761575,0
1761591,0
1761610,0
1761619,0
1761629,0
1761665,0
1761674,0
1761691,0
1761783,0
1761826,0
1761976,0
1761989,0
1762019,0
1762034,0
1762039,0
1762049,0
1762087,0
1762239,0
1761897,0
1761899,0
1761922,0
1761941,0
1761945,0
1761958,0
1762067,0
1762164,0
1762180,0
1762257,0
1762299,0
1762512,0
1762559,0
1762568,0
1762586,0
1762707,0
1762365,0
1762372,0
1762385,0
1762388,0
1762422,0
1762437,0
1762473,0
1762486,0
1762487,0
1762527,0
1762529,0
1762538,0
1762914,0
1763054,0
1762823,0
1762866,0
1762984,0
1763027,0
1763033,0
1763299,0
1763300,0
1763304,0
1763363,0
1763364,0
1763371,0
1763372,0
1763373,0
1763381,0
1763406,0
1763409,0
1763280,0
1763284,0
1763311,0
1763314,0
1763317,0
1763319,0
1763322,0
1763325,0
1763326,0
1763332,0
1763336,0
1763340,0
1763351,0
1763383,1
1763384,0
1763389,0
1763393,0
1763396,4
1763413,0
1763416,0
1763418,0
1763419,0
1763529,0
1763531,1
1763536,0
1763541,0
1763542,0
1763545,0
1763546,0
1763549,1
1763403,0
1763437,0
1763440,0
1763457,0
1763468,0
1763474,0
1763480,0
1763492,0
1763493,0
1763496,0
1763498,0
1763504,1
1763511,0
1763517,0
1763520,0
1763522,0
1763523,0
1763554,0
1763555,0
1763564,0
1763579,0
1763583,0
1763584,0
1763588,0
1763590,0
1763592,0
1763673,0
1763674,0
1763680,0
1763689,0
1763691,0
1763718,0
1763721,0
1763722,0
1763725,0
1763726,0
1763728,0
1763732,0
1763571,0
1763572,0
1763573,0
1763598,0
1763606,0
1763611,0
1763612,0
1763613,0
1763614,0
1763620,0
1763630,0
1763635,6
1763636,0
1763641,0
1763649,9
1763650,0
1763654,0
1763655,0
1763658,0
1763659,0
1763660,0
1763662,0
1763664,0
1763701,0
1763704,0
1763712,0
1763717,0
1763743,0
1763744,0
1763735,0
1763736,0
1763846,0
1763847,0
1763848,0
1763850,0
1763852,0
1763857,0
1763860,0
1763861,0
1763912,0
1763915,0
1763916,0
1763922,0
1763769,0
1763770,0
1763771,0
1763776,0
1763778,0
1763779,0
1763785,0
1763797,0
1763798,0
1763805,0
1763813,0
1763814,0
1763816,0
1763821,0
1763831,0
1763834,0
1763837,0
1763866,0
1763874,0
1763884,0
1763893,0
1763894,2
1763896,0
1763899,0
1763902,0
1763938,0
1763940,0
1763942,0
1763928,0
1763929,0
1763931,0
1764031,0
1764035,0
1764036,0
1764050,0
1764079,0
1764080,0
1764085,0
1764096,0
1764097,0
1764128,0
1763946,0
1763951,0
1763953,0
1763957,0
1763960,0
1763962,0
1763967,0
1763974,0
1763979,0
1763984,0
1763985,0
1763990,0
1763994,0
1764000,0
1764004,0
1764006,0
1764010,0
1764013,0
1764022,0
1764023,0
1764028,0
1764029,0
1764057,0
1764058,0
1764064,0
1764067,0
1764071,0
1764075,0
1764106,0
1764143,0
1764145,0
1764147,0
1764148,0
1764248,0
1764256,0
1764259,0
1764260,0
1764264,0
1764117,0
1764121,0
1764122,0
1764123,0
1764152,0
1764154,0
1764155,0
1764156,0
1764167,0
1764172,0
1764175,0
1764177,0
1764180,0
1764187,0
1764188,0
1764209,0
1764211,0
1764212,0
1764223,0
1764230,0
1764277,0
1764281,0
1764283,0
1764375,0
1764378,0
1764379,0
1764383,0
1764385,0
1764387,0
1764447,0
1764452,0
1764461,0
1764491,13
1764306,0
1764309,0
1764322,0
1764330,0
1764332,0
1764336,0
1764340,0
1764352,0
1764356,0
1764357,0
1764359,0
1764361,0
1764390,0
1764391,0
1764396,0
1764400,0
1764412,0
1764419,0
1764425,0
1764433,0
1764436,0
1764465,0
1764466,0
1764467,0
1764470,0
1764477,1
1764482,0
1764494,0
1764495,0
1764502,0
1764610,0
1764611,0
1764613,0
1764615,0
1764623,0
1764679,0
1764686,0
1764695,0
1764483,0
1764484,0
1764511,0
1764527,0
1764532,0
1764547,0
1764553,0
1764555,0
1764558,0
1764561,0
1764565,0
1764582,0
1764585,0
1764587,0
1764591,0
1764597,0
1764604,0
1764667,0
1764669,0
1764744,0
1764748,0
1764822,0
1764823,0
1764834,0
1764911,0
1764916,0
1764948,0
1764719,0
1764723,0
1764770,0
1764779,0
1764780,0
1764785,0
1764800,0
1764816,0
1764820,0
1764821,0
1764849,0
1764857,0
1764867,0
1764878,0
1764879,0
1764889,0
1764892,0
1764933,0
1764938,0
1764974,0
1764953,0
1764957,0
1764958,0
1764959,0
1764961,0
1764965,0
1765087,0
1765109,0
1765162,0
1764981,0
1764987,0
1764992,0
1765002,0
1765003,0
1765019,0
1765030,0
1765039,0
1765040,0
1765054,0
1765056,0
1765057,0
1765058,0
1765063,0
1765079,0
1765082,0
1765085,0
1765145,0
1765151,0
1765183,0
1765192,0
1765167,0
1765329,0
1765332,0
1765339,0
1765385,0
1765200,0
1765206,0
1765215,0
1765240,0
1765254,0
1765279,0
1765285,0
1765291,0
1765294,0
1765297,0
1765300,0
1765351,2
1765357,0
1765370,0
1765400,0
1747885,0
1747892,0
1747899,0
1765387,0
1765393,0
1748022,0
1748029,0
1748035,0
1748083,0
1748089,0
1748092,0
1748144,0
1748148,0
1747905,0
1747906,0
1747938,0
1747942,0
1747955,0
1747965,0
1747973,0
1747974,0
1747977,0
1748021,0
1748095,0
1748105,0
1748130,0
1748160,0
1748165,0
1748285,0
1748338,0
1748351,0
1748175,0
1748182,0
1748241,0
1748243,0
1748248,0
1748298,0
1748358,0
1748366,0
1748373,0
1748379,0
1748414,0
1748571,0
1748582,0
1748587,0
1748592,0
1748679,0
1748421,0
1748506,0
1748522,0
1748525,0
1748634,0
1748663,0
1748984,0
1748988,0
1748726,0
1748839,0
1748902,0
1749075,0
1749162,0
1749534,0
1749535,0
1749537,0
1749544,0
1749545,0
1749547,0
1749548,0
1749581,0
1749585,0
1749590,0
1749591,0
1749596,0
1749506,0
1749517,0
1749525,0
1749528,0
1749530,0
1749533,0
1749558,0
1749564,0
1749578,0
1749605,0
1749617,0
1749621,0
1749622,0
1749600,0
1749705,0
1749712,0
1749713,0
1749717,0
1749722,0
1749723,0
1749761,13
1749762,0
1749764,0
1749772,0
1749798,0
1749800,0
1749804,0
1749624,0
1749625,0
1749628,0
1749643,0
1749649,0
1749657,0
1749658,0
1749666,0
1749670,0
1749676,0
1749682,0
1749683,0
1749690,0
1749691,0
1749693,0
1749697,0
1749699,0
1749725,0
1749731,0
1749739,0
1749742,0
1749743,2
1749773,0
1749778,0
1749784,0
1749795,0
1749823,0
1749828,0
1749810,0
1749819,0
1749923,0
1749926,0
1749927,0
1749935,0
1749938,0
1749939,0
1749966,0
1749976,0
1749977,0
1749979,0
1749983,0
1749834,0
1749842,0
1749849,0
1749861,0
1749881,0
1749883,0
1749888,0
1749892,0
1749908,0
1749913,0
1749916,0
1749941,0
1749943,0
1749944,0
1749946,0
1749948,0
1749951,0
1749954,0
1749996,0
1749997,0
1749998,0
1750001,0
1750004,0
1750005,0
1749984,0
1749987,0
1750086,0
1750089,0
1750099,0
1750104,0
1750105,0
1750109,0
1750159,0
1750161,0
1750162,0
1750012,0
1750017,1
1750023,0
1750034,0
1750035,0
1750050,0
1750060,0
1750070,0
1750073,0
1750110,0
1750112,0
1750116,0
1750117,0
1750119,0
1750123,0
1750133,0
1750139,0
1750141,0
1750146,0
1750148,1
1750166,0
1750168,0
1750176,0
1750178,0
1750284,0
1750287,0
1750291,0
1750299,0
1750332,0
1750187,0
1750205,0
1750212,0
1750214,0
1750220,0
1750221,0
1750229,0
1750232,0
1750233,0
1750236,0
1750240,0
1750241,0
1750242,0
1750244,0
1750245,0
1750262,0
1750267,0
1750268,0
1750269,0
1750276,0
1750306,0
1750313,0
1750316,0
1750323,0
1750338,0
1750349,0
1750427,0
1750435,0
1750440,0
1750445,0
1750475,0
1750479,0
1750482,0
1750485,0
1750490,0
1750354,0
1750357,0
1750364,0
1750367,0
1750369,0
1750371,0
1750383,0
1750385,0
1750387,0
1750395,0
1750399,0
1750401,0
1750414,0
1750416,0
1750417,0
1750418,0
1750449,0
1750450,0
1750456,0
1750466,0
1750467,0
1750494,0
1750497,0
1750499,0
1750508,0
1750509,0
1750516,0
1750528,0
1750553,0
1750562,0
1750668,0
1750671,0
1750673,0
1750676,0
1750684,0
1750711,0
1750716,0
1750720,0
1750721,0
1750530,0
1750531,0
1750535,0
1750574,0
1750599,0
1750600,0
1750616,0
1750625,0
1750629,0
1750631,0
1750638,0
1750644,1
1750651,0
1750654,0
1750655,0
1750688,2
1750692,0
1750706,0
1750737,0
1750738,0
1750741,0
1750746,0
1750730,0
1750809,0
1750813,10
1750816,0
1750823,1
1750829,0
1750854,0
1750856,0
1750857,0
1750865,0
1750868,0
1750870,0
1750877,0
1750911,0
1750915,0
1750918,0
1750925,0
1750747,0
1750755,0
1750762,0
1750764,0
1750776,0
1750778,0
1750779,0
1750789,0
1750792,0
1750800,0
1750801,0
1750834,0
1750835,0
1750843,0
1750845,0
1750846,0
1750848,0
1750852,0
1750881,0
1750884,0
1750893,0
1750928,0
1750934,0
1750960,0
1750963,0
1751052,0
1751055,0
1751062,0
1751065,0
1751119,0
1751141,0
1751166,0
1750974,0
1750975,0
1750979,0
1750982,0
1750986,0
1750991,0
1750997,0
1751008,0
1751018,0
1751021,0
1751027,0
1751077,0
1751081,0
1751092,0
1751095,0
1751098,0
1751099,0
1751103,0
1751111,0
1751112,0
1751116,0
1751143,0
1751147,0
1751149,0
1751151,0
1751155,0
1751168,0
1751183,0
1751314,0
1751325,0
1751332,0
1751358,0
1751191,0
1751197,0
1751213,0
1751230,0
1751242,0
1751252,0
1751261,0
1751266,0
1751283,0
1751294,0
1751298,0
1751299,0
1751304,0
1751305,0
1751307,0
1751309,0
1751335,0
1751377,0
1751515,0
1751354,0
1751385,0
1751395,0
1751403,0
1751404,0
1751406,0
1751435,0
1751447,0
1751454,0
1751461,0
1751465,0
1751480,0
1751486,0
1751491,0
1751492,0
1751493,0
1751495,0
1751531,0
1751535,0
1751538,0
1751559,0
1751677,0
1751679,0
1751751,0
1751757,0
1751758,0
1751760,0
1751541,0
1751585,0
1751587,0
1751588,0
1751591,0
1751598,0
1751609,0
1751612,0
1751614,0
1751620,0
1751634,0
1751646,0
1751648,0
1751659,0
1751661,0
1751700,0
1751704,0
1751728,0
1751737,0
1751740,0
1751780,0
1751783,0
1751886,0
1751889,0
1751908,0
1751934,0
1751940,0
1751947,0
1751948,0
1751792,0
1751796,0
1751798,0
1751805,0
1751806,0
1751811,0
1751815,0
1751851,0
1751856,0
1751857,0
1751865,0
1751866,0
1751870,0
1751873,0
1751875,0
1751877,0
1751910,0
1751972,0
1751981,0
1751997,0
1752017,0
1752024,0
1752027,0
1752028,0
1752156,0
1752157,0
1752173,0
1752246,0
1752250,0
1752251,0
1752261,0
1752269,0
1752324,0
1752044,0
1752050,0
1752079,0
1752090,0
1752112,0
1752128,0
1752130,0
1752187,0
1752209,0
1752233,0
1752242,0
1752274,0
1752280,0
1752282,0
1752306,0
1752337,0
1752424,0
1752462,0
1752465,0
1752512,0
1752587,0
1752310,0
1752367,0
1752380,0
1752382,0
1752392,0
1752399,0
1752452,0
1752506,0
1752541,0
1752549,0
1752565,0
1752612,0
1752613,0
1752621,0
1752835,0
1752635,0
1752645,0
1752658,0
1752678,0
1752680,0
1752706,0
1752735,0
1752779,0
1752795,0
1752849,0
1752867,0
1752874,0
1752878,0
1753074,0
1753175,0
1752927,0
1752944,0
1752949,0
1752958,0
1753033,0
1753036,0
1753293,0
1753474,0
1753583,0
1753584,0
1753585,0
1753321,0
1753336,0
1753390,0
1753603,0
1753604,0
1753625,0
1753717,0
1754027,0
1754029,0
1753855,0
1753949,0
1754009,0
1754010,0
1754011,0
1754016,0
1754050,0
1754032,0
1754035,0
1754037,0
1754121,0
1754125,0
1754126,0
1754128,0
1754129,2
1754131,0
1754171,0
1754175,0
1754178,0
1754187,0
1754188,0
1754217,0
1754222,0
1754052,0
1754056,0
1754062,0
1754064,0
1754065,0
1754078,0
1754090,0
1754094,0
1754095,0
1754096,0
1754097,0
1754099,0
1754105,0
1754111,0
1754114,0
1754115,0
1754116,0
1754142,0
1754145,0
1754148,0
1754155,0
1754156,0
1754163,0
1754190,0
1754192,0
1754195,0
1754198,0
1754200,0
1754205,0
1754226,0
1754227,0
1754230,0
1754232,0
1754314,0
1754315,0
1754322,0
1754327,0
1754328,0
1754390,0
1754246,0
1754248,0
1754249,0
1754257,0
1754263,0
1754266,0
1754267,0
1754271,0
1754275,0
1754276,0
1754277,0
1754279,0
1754281,0
1754282,0
1754287,0
1754289,0
1754293,0
1754295,0
1754298,0
1754299,0
1754303,0
1754304,0
1754306,0
1754308,0
1754353,0
1754354,0
1754362,0
1754363,0
1754371,0
1754373,0
1754377,0
1754400,0
1754481,0
1754485,0
1754486,0
1754491,0
1754493,0
1754496,0
1754499,0
1754501,0
1754528,0
1754532,0
1754536,0
1754537,0
1754411,0
1754412,0
1754413,7
1754415,0
1754420,0
1754423,0
1754424,0
1754425,0
1754432,0
1754436,0
1754443,0
1754450,0
1754451,0
1754459,0
1754461,0
1754463,0
1754472,0
1754474,2
1754475,0
1754502,0
1754503,0
1754505,0
1754507,0
1754509,0
1754513,0
1754515,0
1754520,0
1754521,0
1754522,0
1754523,0
1754524,0
1754525,0
1754553,0
1754559,0
1754560,0
1754561,0
1754538,0
1754543,0
1754544,0
1754548,0
1754672,0
1754673,0
1754679,0
1754682,0
1754686,0
1754731,0
1754732,0
1754735,0
1754571,0
1754574,0
1754584,2
1754595,0
1754596,0
1754597,0
1754602,0
1754608,0
1754614,0
1754615,0
1754624,0
1754628,0
1754631,0
1754649,0
1754650,0
1754655,0
1754656,0
1754659,0
1754661,0
1754701,0
1754702,0
1754703,0
1754705,0
1754710,0
1754712,0
1754838,0
1754842,0
1754843,0
1754844,0
1754850,0
1754854,0
1754858,0
1754860,0
1754890,0
1754894,0
1754895,0
1754896,0
1754901,0
1754749,0
1754756,0
1754761,0
1754764,2
1754765,0
1754770,0
1754772,0
1754775,0
1754777,0
1754778,0
1754784,0
1754796,0
1754804,0
1754805,0
1754808,0
1754817,0
1754820,0
1754826,0
1754835,0
1754836,0
1754837,0
1754864,0
1754868,0
1754871,0
1754876,0
1754881,0
1754922,0
1754928,0
1754907,0
1755032,0
1755033,0
1755039,0
1755046,0
1755052,0
1755081,0
1755085,0
1755086,0
1754934,0
1754941,0
1754944,0
1754947,0
1754954,0
1754956,0
1754959,0
1754967,0
1754969,0
1754973,0
1754978,0
1754995,0
1754996,0
1754997,0
1754998,0
1755001,0
1755002,0
1755003,0
1755004,0
1755006,0
1755008,0
1755015,0
1755017,0
1755026,0
1755028,0
1755054,0
1755061,0
1755069,0
1755073,0
1755074,0
1755102,0
1755106,0
1755100,0
1755199,0
1755201,0
1755202,0
1755204,0
1755212,0
1755213,0
1755247,0
1755251,0
1755264,0
1755269,0
1755319,0
1755116,0
1755120,0
1755126,0
1755159,0
1755160,0
1755161,0
1755163,0
1755170,0
1755171,0
1755175,0
1755181,0
1755187,0
1755194,0
1755226,0
1755228,0
1755229,0
1755233,0
1755234,0
1755238,0
1755242,0
1755243,0
1755270,0
1755272,0
1755274,0
1755277,0
1755280,0
1755327,0
1755331,0
1755332,0
1755333,0
1755335,0
1755340,0
1755439,0
1755445,0
1755447,0
1755454,0
1755456,0
1755299,0
1755304,0
1755308,0
1755310,0
1755342,0
1755343,0
1755344,0
1755346,0
1755347,0
1755371,0
1755376,0
1755384,0
1755388,0
1755391,0
1755397,0
1755401,0
1755402,0
1755404,0
1755405,0
1755412,0
1755420,0
1755421,0
1755431,0
1755567,0
1755571,0
1755581,0
1755610,0
1755618,0
1755478,0
1755479,0
1755481,0
1755482,0
1755491,1
1755509,0
1755510,0
1755511,0
1755522,0
1755527,0
1755530,0
1755536,0
1755549,0
1755554,0
1755556,0
1755582,0
1755634,0
1755641,0
1755649,0
1755654,0
1755728,0
1755736,0
1755744,0
1755798,0
1755799,0
1755802,0
1755850,0
1755665,0
1755668,0
1755672,0
1755678,0
1755693,0
1755694,0
1755710,0
1755717,0
1755757,0
1755761,0
1755771,0
1755778,0
1755794,0
1755797,0
1755830,0
1755836,0
1755839,0
1755842,0
1755873,0
1755880,0
1755858,0
1755968,0
1755971,0
1755980,0
1755987,0
1756016,0
1756024,0
1755885,0
1755892,0
1755900,0
1755906,0
1755911,0
1755920,0
1755925,0
1755932,0
1755946,0
1755947,0
1755963,0
1755990,0
1755997,0
1756011,0
1756041,0
1756048,0
1756059,0
1756034,0
1756142,0
1756150,0
1756156,0
1756210,0
1756213,0
1756227,0
1756060,0
1756071,0
1756078,0
1756082,0
1756088,0
1756090,0
1756092,0
1756093,0
1756103,0
1756115,0
1756119,0
1756175,0
1756187,0
1756189,0
1756198,0
1756245,0
1756253,0
1756260,0
1756308,0
1756297,0
1756429,0
1756431,0
1756432,0
1756433,0
1756439,0
1756496,0
1756501,0
1756314,0
1756323,0
1756350,0
1756385,0
1756395,0
1756405,0
1756420,0
1756449,0
1756459,0
1756472,0
1756505,0
1756617,0
1756528,0
1756536,0
1756555,0
1756573,0
1756594,0
1756597,0
1756602,0
1756627,0
1756633,0
